rank,title,domestic_gross,url,opening_weekend,legs,domestic_share,production_budget,infl_adj_domestic_bo,opening_theaters,max_theaters,animated,sequel,remake,genre,domestic_roi
1,Star Wars Ep. VII: The Force Awakens,936662225,https://www.the-numbers.com/movie/Star-Wars-Ep-VII-The-Force-Awakens#tab=summary,247966675,3.78,45.6,533200000,1250025456,4134,4134,0,1,0,sci-fi,0.756680842
2,Avengers: Endgame,858373000,https://www.the-numbers.com/movie/Avengers-Endgame-(2019)#tab=summary,357115007,2.4,31.2,400000000,1059847014,4662,4662,0,1,0,superhero,1.1459325
3,Spider-Man: No Way Home,814811535,https://www.the-numbers.com/movie/Spider-Man-No-Way-Home-(2021)#tab=summary,260138569,3.13,42.4,200000000,896901413,4336,4336,0,1,0,superhero,3.074057675
4,Avatar,785221649,https://www.the-numbers.com/movie/Avatar#tab=summary,77025481,10.19,26.9,237000000,1142948619,3452,3461,0,0,0,sci-fi,2.313171515
5,Top Gun: Maverick,718732821,https://www.the-numbers.com/movie/Top-Gun-Maverick-(2022)#tab=summary,126707459,5.67,49.4,177000000,771972284,4735,4751,0,1,0,action,3.060637407
6,Black Panther,700059566,https://www.the-numbers.com/movie/Black-Panther#tab=summary,202003951,3.47,52.5,200000000,869118952,4020,4084,0,0,0,superhero,2.50029783
7,Avatar: The Way of Water,684075767,https://www.the-numbers.com/movie/Avatar-The-Way-of-Water-(2022)#tab=summary,134100226,5.1,29.5,400000000,723353647,4202,4340,0,1,0,sci-fi,0.710189418
8,Avengers: Infinity War,678815482,https://www.the-numbers.com/movie/Avengers-Infinity-War#tab=summary,257698183,2.63,33.1,300000000,842744575,4474,4474,0,1,0,superhero,1.262718273
9,Titanic,674460013,https://www.the-numbers.com/movie/Titanic-(1997)#tab=summary,28638131,19.02,30.3,200000000,1553447026,2674,3265,0,0,0,superhero,2.372300065
10,Jurassic World,653406625,https://www.the-numbers.com/movie/Jurassic-World#tab=summary,208806270,3.13,39.1,215000000,875110413,4274,4291,0,1,0,sci-fi,2.039100581
11,Inside Out 2,652980194,https://www.the-numbers.com/movie/Inside-Out-2-(2024)#tab=summary,154201673,4.23,38.4,200000000,652980194,4440,4440,1,1,0,adventure,2.26490097
12,Barbie,636785476,https://www.the-numbers.com/movie/Barbie-(2023)#tab=summary,162022044,3.93,44.1,145000000,658303176,4243,4337,0,0,0,comedy,3.391623972
13,Deadpool & Wolverine,636745858,https://www.the-numbers.com/movie/Deadpool-and-Wolverine-(2024)#tab=summary,211435291,3.01,47.6,200000000,636745863,4210,4330,0,1,0,superhero,2.18372929
14,The Avengers,623357910,https://www.the-numbers.com/movie/Avengers-The-(2012)#tab=summary,207438708,3.01,41.1,225000000,885700746,4349,4349,0,0,0,superhero,1.7704796
15,Star Wars Ep. VIII: The Last Jedi,620181382,https://www.the-numbers.com/movie/Star-Wars-Ep-VIII-The-Last-Jedi#tab=summary,220009584,2.82,46.9,262000000,779972729,4232,4232,0,1,0,sci-fi,1.367104511
16,Incredibles 2,608581744,https://www.the-numbers.com/movie/Incredibles-2#tab=summary,182687905,3.33,49,200000000,755549892,4410,4413,1,1,0,superhero,2.04290872
17,The Super Mario Bros. Movie,574934330,https://www.the-numbers.com/movie/Super-Mario-Bros-Movie-The-(2022)#tab=summary,146361865,3.93,42.3,100000000,594379090,4343,4371,1,0,0,comedy,4.7493433
18,The Lion King (Live-Action),543638043,https://www.the-numbers.com/movie/Lion-King-The-(Live-Action)-(2019)#tab=summary,191770759,2.83,32.7,260000000,671238672,4725,4802,0,0,1,adventure,1.09091555
19,The Dark Knight,536625724,https://www.the-numbers.com/movie/Dark-Knight-The#tab=summary,158411483,3.39,53.1,185000000,839972844,4366,4366,0,1,0,superhero,1.900679589
20,Rogue One: A Star Wars Story,533539991,https://www.the-numbers.com/movie/Rogue-One-A-Star-Wars-Story#tab=summary,155081681,3.44,50.6,280200000,692293288,4157,4157,0,1,0,sci-fi,0.904139868
21,Star Wars: The Rise of Skywalker,515202542,https://www.the-numbers.com/movie/Star-Wars-The-Rise-of-Skywalker-(2019)#tab=summary,177383864,2.9,48.2,275000000,635794002,4406,4406,0,1,0,sci-fi,0.873463789
22,Beauty and the Beast (Live-Action),504014165,https://www.the-numbers.com/movie/Beauty-and-the-Beast-(2017)#tab=summary,174750616,2.88,40,160000000,635496120,4210,4210,0,0,1,fantasy,2.150088531
23,Star Wars Ep. I: The Phantom Menace,487574671,https://www.the-numbers.com/movie/Star-Wars-Ep-I-The-Phantom-Menace#tab=summary,64810970,7.52,46.6,115000000,1034458044,2970,3126,0,1,0,sci-fi,3.239779748
24,Finding Dory,486295561,https://www.the-numbers.com/movie/Finding-Dory#tab=summary,135060273,3.6,47.4,200000000,635838473,4305,4305,1,1,0,adventure,1.431477805
25,Frozen II,477373578,https://www.the-numbers.com/movie/Frozen-II-(2019)#tab=summary,130263358,3.66,32.9,150000000,589348402,4440,4440,1,1,0,fantasy,2.18249052
26,Wicked,473231120,https://www.the-numbers.com/movie/Wicked-(2024)#tab=summary,112508890,4.21,63.2,145000000,473231120,3888,3888,0,0,0,fantasy,2.263662897
27,Star Wars Ep. IV: A New Hope,460998007,https://www.the-numbers.com/movie/Star-Wars-Ep-IV-A-New-Hope-(1977)#tab=summary,1554475,12.84,59.5,11000000,1858585815,43,2375,0,0,0,sci-fi,40.90890973
28,Moana 2,460404054,https://www.the-numbers.com/movie/Moana-2-(2024)#tab=summary,139787385,3.29,43.4,150000000,460404054,4200,4200,1,1,0,fantasy,2.06936036
29,Avengers: Age of Ultron,459005868,https://www.the-numbers.com/movie/Avengers-Age-of-Ultron#tab=summary,191271109,2.4,32.9,365000000,615819253,4276,4276,0,1,0,superhero,0.257550323
30,Black Panther: Wakanda Forever,453829060,https://www.the-numbers.com/movie/Black-Panther-Wakanda-Forever-(2022)#tab=summary,181339761,2.5,52.8,250000000,486748447,4396,4396,0,1,0,superhero,0.81531624
31,The Dark Knight Rises,448139099,https://www.the-numbers.com/movie/Dark-Knight-Rises-The#tab=summary,160887295,2.79,41.4,230000000,636740344,4404,4404,0,1,0,superhero,0.948430865
32,Shrek 2,439820881,https://www.the-numbers.com/movie/Shrek-2#tab=summary,108037878,4.07,47.1,70000000,800559745,4163,4223,1,1,0,fantasy,5.283155443
33,E.T. the Extra-Terrestrial,439454989,https://www.the-numbers.com/movie/ET-The-Extra-Terrestrial#tab=summary,11911430,25.47,55.1,10500000,1524311267,1101,3010,0,0,0,sci-fi,40.8528561
34,Toy Story 4,434038008,https://www.the-numbers.com/movie/Toy-Story-4-(2019)#tab=summary,120908065,3.59,40.5,200000000,535913741,4575,4575,1,1,0,adventure,1.17019004
35,Captain Marvel,426829839,https://www.the-numbers.com/movie/Captain-Marvel-(2019)#tab=summary,153433423,2.78,37.8,175000000,527013699,4310,4310,0,0,0,superhero,1.439027651
36,The Hunger Games: Catching Fire,424668047,https://www.the-numbers.com/movie/Hunger-Games-Catching-Fire-The#tab=summary,158074286,2.69,49.1,130000000,590654967,4163,4163,0,1,0,action,2.266677285
37,The Lion King,423981226,https://www.the-numbers.com/movie/Lion-King-The#tab=summary,1586753,10.37,42.9,79300000,1024479106,2,2624,1,0,0,adventure,4.346547617
38,Pirates of the Caribbean: Dead Man’s Chest,423315812,https://www.the-numbers.com/movie/Pirates-of-the-Caribbean-Dead-Mans-Chest#tab=summary,135634554,3.12,39.7,225000000,730946842,4133,4133,0,0,0,action,0.881403609
39,Jurassic World: Fallen Kingdom,417719760,https://www.the-numbers.com/movie/Jurassic-World-Fallen-Kingdom-(2018)#tab=summary,148024610,2.82,31.9,170000000,518596107,4475,4485,0,1,0,sci-fi,1.457175059
40,Jurassic Park,415404543,https://www.the-numbers.com/movie/Jurassic-Park-(1993)#tab=summary,50159460,8.28,39.2,63000000,1052281077,2404,2778,0,0,0,sci-fi,5.593722905
41,Toy Story 3,415004880,https://www.the-numbers.com/movie/Toy-Story-3#tab=summary,110307189,3.76,38.8,200000000,594892926,4028,4028,1,1,0,adventure,1.0750244
42,Wonder Woman,412563408,https://www.the-numbers.com/movie/Wonder-Woman-(2017)#tab=summary,103251471,4,50.5,150000000,520188645,4165,4165,0,0,0,superhero,1.75042272
43,Doctor Strange in the Multiverse of Madness,411331607,https://www.the-numbers.com/movie/Doctor-Strange-in-the-Multiverse-of-Madness-(2022)#tab=summary,187420998,2.19,43.2,200000000,441800607,4534,4534,0,1,0,superhero,1.056658035
44,Iron Man 3,408992272,https://www.the-numbers.com/movie/Iron-Man-3#tab=summary,174144585,2.35,33.7,200000000,568967103,4253,4253,0,1,0,superhero,1.04496136
45,Captain America: Civil War,408084349,https://www.the-numbers.com/movie/Captain-America-Civil-War#tab=summary,179139142,2.28,35.4,250000000,533576179,4226,4226,0,1,0,superhero,0.632337396
46,The Hunger Games,408010692,https://www.the-numbers.com/movie/Hunger-Games-The#tab=summary,152535747,2.67,60.2,80000000,579723727,4137,4137,0,0,0,action,4.10013365
47,Spider-Man (2002),404652858,https://www.the-numbers.com/movie/Spider-Man#tab=summary,114844116,3.52,49.2,139000000,786818955,3615,3876,0,0,0,superhero,1.91117164
48,Jumanji: Welcome to the Jungle,404508916,https://www.the-numbers.com/movie/Jumanji-Welcome-to-the-Jungle#tab=summary,36169328,8.08,42.1,90000000,505469642,3765,3849,0,0,0,action,3.494543511
49,Transformers: Revenge of the Fallen,402111870,https://www.the-numbers.com/movie/Transformers-Revenge-of-the-Fallen#tab=summary,108966307,3.69,48.1,210000000,606384700,4234,4293,0,1,0,sci-fi,0.914818429
50,Frozen,400953009,https://www.the-numbers.com/movie/Frozen-(2013)#tab=summary,243390,5.95,31.5,150000000,557040448,1,3742,1,0,0,fantasy,1.67302006
51,Spider-Man: Far From Home,391362492,https://www.the-numbers.com/movie/Spider-Man-Far-From-Home-(2019)#tab=summary,92579212,4.23,34.6,160000000,483026677,4634,4634,0,1,0,superhero,1.446015575
52,Guardians of the Galaxy Vol 2,389813101,https://www.the-numbers.com/movie/Guardians-of-the-Galaxy-Vol-2#tab=summary,146510104,2.66,44.9,200000000,491503465,4347,4347,0,1,0,superhero,0.949065505
53,Harry Potter and the Deathly Hallows: Part II,382088758,https://www.the-numbers.com/movie/Harry-Potter-and-the-Deathly-Hallows-Part-II#tab=summary,169189427,2.26,29.1,125000000,543409444,4375,4375,0,1,0,fantasy,2.056710064
54,Spider-Man: Across the Spider-Verse,381593754,https://www.the-numbers.com/movie/Spider-Man-Across-the-Spider-Verse-(2023)#tab=summary,120663589,3.16,56,100000000,394490018,4313,4332,0,1,0,superhero,2.81593754
55,The Lord of the Rings: The Return of the King,381472917,https://www.the-numbers.com/movie/Lord-of-the-Rings-The-Return-of-the-King-The#tab=summary,72629713,5.25,33.9,94000000,708945443,3703,3703,0,1,0,fantasy,3.058222521
56,Finding Nemo,380529370,https://www.the-numbers.com/movie/Finding-Nemo#tab=summary,70251710,5.42,40.7,94000000,695167284,3374,3425,1,0,0,adventure,3.048184787
57,Star Wars Ep. III: Revenge of the Sith,380270577,https://www.the-numbers.com/movie/Star-Wars-Ep-III-Revenge-of-the-Sith#tab=summary,108435841,3.51,44.8,115000000,670961022,3661,3663,0,1,0,sci-fi,2.30670067
58,Jurassic World: Dominion,376851080,https://www.the-numbers.com/movie/Jurassic-World-Dominion-(2022)#tab=summary,145075625,2.6,37.5,185000000,404765978,4676,4697,0,1,0,sci-fi,1.037032865
59,Spider-Man 2,374715055,https://www.the-numbers.com/movie/Spider-Man-2#tab=summary,88156227,4.25,47.1,200000000,681474289,4152,4166,0,1,0,superhero,0.873575275
60,The Passion of the Christ,370782930,https://www.the-numbers.com/movie/Passion-of-the-Christ-The#tab=summary,83848082,4.42,59.6,25000000,675261763,3043,3408,0,0,0,biopic,13.8313172
61,Minions: The Rise of Gru,370549695,https://www.the-numbers.com/movie/Minions-The-Rise-of-Gru-(2021)#tab=summary,107010140,3.46,39.5,100000000,397080042,4391,4427,1,1,0,adventure,2.70549695
62,The Batman,369612903,https://www.the-numbers.com/movie/Batman-The-(2021)#tab=summary,134008624,2.76,47.9,200000000,396704516,4417,4417,0,0,0,superhero,0.848064515
63,The Secret Life of Pets,369094830,https://www.the-numbers.com/movie/Secret-Life-of-Pets-The#tab=summary,104352905,3.54,41.7,75000000,482283633,4370,4381,1,0,0,comedy,3.9212644
64,Despicable Me 2,368065385,https://www.the-numbers.com/movie/Despicable-Me-2#tab=summary,84227980,4.37,37.7,76000000,512031161,3997,4003,1,1,0,comedy,3.842965592
65,The Jungle Book (Live-Action),364001123,https://www.the-numbers.com/movie/Jungle-Book-The-(2016)#tab=summary,103261464,3.53,38.2,175000000,475936721,4028,4144,1,0,1,action,1.080006417
66,Deadpool,363070709,https://www.the-numbers.com/movie/Deadpool#tab=summary,132434639,2.74,46.4,58000000,474720195,3558,3856,0,0,0,superhero,5.25983981
67,Despicable Me 4,361004205,https://www.the-numbers.com/movie/Despicable-Me-4-(2024)#tab=summary,75009210,4.81,37.2,100000000,361004207,4428,4449,1,1,0,comedy,2.61004205
68,Guardians of the Galaxy Vol 3,358995815,https://www.the-numbers.com/movie/Guardians-of-the-Galaxy-Vol-3-(2023)#tab=summary,118414021,3.03,42.5,250000000,371137356,4450,4450,0,1,0,superhero,0.43598326
69,Inside Out,356461711,https://www.the-numbers.com/movie/Inside-Out-(2015)#tab=summary,90440272,3.94,41.9,175000000,478242219,3946,4158,1,0,0,adventure,1.036924063
70,Aladdin (Live-Action),355559216,https://www.the-numbers.com/movie/Aladdin-(2019)#tab=summary,91500929,3.89,34.1,182000000,439014705,4476,4476,0,0,1,fantasy,0.953622066
71,Furious 7,353007020,https://www.the-numbers.com/movie/Furious-7#tab=summary,147187040,2.4,23.3,190000000,473607279,4004,4022,0,1,0,action,0.857931684
72,Transformers: Dark of the Moon,352390543,https://www.the-numbers.com/movie/Transformers-Dark-of-the-Moon-(2011)#tab=summary,97852865,3.6,31.4,195000000,502589788,4088,4107,0,1,0,sci-fi,0.80713099
73,American Sniper,350126372,https://www.the-numbers.com/movie/American-Sniper#tab=summary,633456,3.92,63.9,58000000,469837668,4,3885,0,0,0,war,5.036661586
74,The Lord of the Rings: The Two Towers,345115396,https://www.the-numbers.com/movie/Lord-of-the-Rings-The-Two-Towers-The#tab=summary,62007528,5.57,37.4,94000000,663344246,3622,3622,0,1,0,fantasy,2.671440383
75,Thor: Love and Thunder,343256830,https://www.the-numbers.com/movie/Thor-Love-and-Thunder-(2022)#tab=summary,144165107,2.38,45.1,250000000,368683256,4375,4375,0,1,0,superhero,0.37302732
76,Zootopia,341268248,https://www.the-numbers.com/movie/Zootopia-(2016)#tab=summary,75063401,4.55,33.3,150000000,446213159,3827,3959,1,0,0,adventure,1.275121653
77,Spider-Man 3,337607351,https://www.the-numbers.com/movie/Spider-Man-3#tab=summary,151116516,2.23,37.7,258000000,554297637,4252,4324,0,1,0,superhero,0.308555624
78,The Hunger Games: Mockingjay - Part 1,337135885,https://www.the-numbers.com/movie/Hunger-Games-Mockingjay-Part-1-The#tab=summary,121897634,2.77,44,125000000,466136119,4151,4151,0,1,0,action,1.69708708
79,Minions,336045770,https://www.the-numbers.com/movie/Minions#tab=summary,115718405,2.9,29,74000000,450851446,4301,4311,1,0,0,comedy,3.541159054
80,Joker,335451311,https://www.the-numbers.com/movie/Joker-(2019)#tab=summary,96202337,3.49,31.5,55000000,414182628,4374,4374,0,0,0,superhero,5.099114745
81,Aquaman,335061807,https://www.the-numbers.com/movie/Aquaman-(2018)#tab=summary,67873522,4.94,29.6,160000000,415055194,4125,4184,0,0,0,superhero,1.094136294
82,Spider-Man: Homecoming,334580976,https://www.the-numbers.com/movie/Spider-Man-Homecoming#tab=summary,117027503,2.86,38.1,175000000,421763879,4348,4348,0,0,1,superhero,0.911891291
83,Alice in Wonderland (Live-Action),334191110,https://www.the-numbers.com/movie/Alice-in-Wonderland-(2010)#tab=summary,116101023,2.88,32.6,200000000,479049606,3728,3739,0,0,1,fantasy,0.67095555
84,Guardians of the Galaxy,333714112,https://www.the-numbers.com/movie/Guardians-of-the-Galaxy#tab=summary,94320883,3.54,43.3,170000000,461883876,4080,4088,0,0,0,superhero,0.963024188
85,Batman v Superman: Dawn of Justice,330360194,https://www.the-numbers.com/movie/Batman-v-Superman-Dawn-of-Justice#tab=summary,166007347,1.99,37.9,263000000,431950728,4242,4256,0,1,0,superhero,0.256122411
86,Forrest Gump,330151138,https://www.the-numbers.com/movie/Forrest-Gump-(1994)#tab=summary,24450602,13.5,48.6,55000000,909101283,1595,2365,0,0,0,drama,5.002747964
87,Oppenheimer,330078895,https://www.the-numbers.com/movie/Oppenheimer-(2023)#tab=summary,82455420,4,33.8,100000000,341107915,3610,3761,0,0,0,biopic,2.30078895
88,It,328828874,https://www.the-numbers.com/movie/It-(2017)#tab=summary,123403419,2.66,46.9,35000000,412911768,4103,4148,0,0,0,horror,8.395110686
89,Suicide Squad,325100054,https://www.the-numbers.com/movie/Suicide-Squad#tab=summary,133682248,2.43,43.6,175000000,425073016,4255,4255,0,0,0,superhero,0.857714594
90,Deadpool 2,324591735,https://www.the-numbers.com/movie/Deadpool-2#tab=summary,125507153,2.59,41.3,110000000,402977788,4349,4349,0,1,0,superhero,1.950833955
91,Shrek the Third,322719944,https://www.the-numbers.com/movie/Shrek-the-Third#tab=summary,121629270,2.65,40,160000000,530517808,4122,4172,1,1,0,fantasy,1.01699965
92,Transformers,319246193,https://www.the-numbers.com/movie/Transformers#tab=summary,70502384,4.53,45.1,151000000,524807321,4011,4050,0,0,0,sci-fi,1.114213199
93,The Lord of the Rings: The Fellowship of the Ring,318651105,https://www.the-numbers.com/movie/Lord-of-the-Rings-The-Fellowship-of-the-Ring-The#tab=summary,47211490,6.75,35.6,93000000,630098988,3359,3381,0,0,0,fantasy,2.426355968
94,Iron Man,318604126,https://www.the-numbers.com/movie/Iron-Man#tab=summary,102118668,3.12,54.5,186000000,501840839,4105,4154,0,0,0,superhero,0.712925409
95,Harry Potter and the Sorcerer’s Stone,317871467,https://www.the-numbers.com/movie/Harry-Potter-and-the-Sorcerers-Stone#tab=summary,90294621,3.52,33,125000000,633704152,3672,3672,0,0,0,fantasy,1.542971736
96,Indiana Jones and the Kingdom of the Crystal Skull,317101119,https://www.the-numbers.com/movie/Indiana-Jones-and-the-Kingdom-of-the-Crystal-Skull-(2008)#tab=summary,100137835,3.17,40.3,185000000,499500506,4260,4264,0,1,0,action,0.714060103
97,Jumanji: The Next Level,316831246,https://www.the-numbers.com/movie/Jumanji-The-Next-Level#tab=summary,59251543,5.35,39.8,125000000,390861102,4227,4227,0,1,0,action,1.534649968
98,Star Wars Ep. VI: Return of the Jedi,316465003,https://www.the-numbers.com/movie/Star-Wars-Ep-VI-Return-of-the-Jedi#tab=summary,23019618,13.75,65.6,32500000,1059357970,1002,2111,0,1,0,sci-fi,8.737384708
99,Thor: Ragnarok,315058289,https://www.the-numbers.com/movie/Thor-Ragnarok#tab=summary,122744989,2.57,37,180000000,397173123,4080,4080,0,1,0,superhero,0.750323828
100,Iron Man 2,312433331,https://www.the-numbers.com/movie/Iron-Man-2#tab=summary,128122480,2.44,50.3,170000000,447860709,4380,4390,0,1,0,superhero,0.837843124
101,Star Wars Ep. II: Attack of the Clones,310676740,https://www.the-numbers.com/movie/Star-Wars-Ep-II-Attack-of-the-Clones#tab=summary,80027814,3.88,47.3,115000000,604776916,3161,3161,0,1,0,sci-fi,1.70153687
102,Pirates of the Caribbean: At World’s End,309420425,https://www.the-numbers.com/movie/Pirates-of-the-Caribbean-At-Worlds-End#tab=summary,114732820,2.7,32.2,300000000,508654786,4362,4362,0,1,0,action,0.031401417
103,Independence Day,306169255,https://www.the-numbers.com/movie/Independence-Day#tab=summary,50228264,6.1,37.5,75000000,783433091,2882,2977,0,0,0,sci-fi,3.082256733
104,Pirates of the Caribbean: The Curse of the Blac…,305410819,https://www.the-numbers.com/movie/Pirates-of-the-Caribbean-The-Curse-of-the-Black-Pearl#tab=summary,46630690,6.55,46.7,140000000,572835214,3269,3416,0,0,0,action,1.18150585
105,Skyfall,304360277,https://www.the-numbers.com/movie/Skyfall#tab=summary,88364714,3.44,27.4,200000000,432227099,3505,3526,0,0,0,action,0.521801385
106,The Hobbit: An Unexpected Journey,303003568,https://www.the-numbers.com/movie/Hobbit-An-Unexpected-Journey-The#tab=summary,84617303,3.58,29.9,200000000,429360195,4045,4100,0,1,0,fantasy,0.51501784
107,Harry Potter and the Half-Blood Prince,302854063,https://www.the-numbers.com/movie/Harry-Potter-and-the-Half-Blood-Prince#tab=summary,77835727,3.89,32.7,250000000,455354466,4325,4455,0,1,0,fantasy,0.211416252
108,The Twilight Saga: Eclipse,300531751,https://www.the-numbers.com/movie/Twilight-Saga-Eclipse-The#tab=summary,64832191,4.64,42.6,68000000,430800264,4468,4468,0,1,0,romance,3.419584574
109,The Little Mermaid (Live-Action),298172056,https://www.the-numbers.com/movie/Little-Mermaid-The-(2023)#tab=summary,95578040,3.12,52.3,250000000,308256482,4320,4320,0,0,1,fantasy,0.192688224
110,Harry Potter and the Deathly Hallows: Part I,297414693,https://www.the-numbers.com/movie/Harry-Potter-and-the-Deathly-Hallows-Part-I#tab=summary,125017372,2.38,31.5,125000000,424190236,4125,4125,0,1,0,fantasy,1.379317544
111,The Twilight Saga: New Moon,296623634,https://www.the-numbers.com/movie/Twilight-Saga-New-Moon-The#tab=summary,142839137,2.08,43.1,50000000,446662256,4024,4124,0,1,0,romance,4.93247268
112,Beetlejuice Beetlejuice,294100435,https://www.the-numbers.com/movie/Beetlejuice-Beetlejuice-(2024)#tab=summary,111003345,2.65,65.1,100000000,294100435,4575,4575,0,1,1,comedy,1.94100435
113,Inception,293662683,https://www.the-numbers.com/movie/Inception#tab=summary,62785337,4.68,35.5,160000000,419396244,3792,3792,0,0,0,sci-fi,0.835391769
114,The Sixth Sense,293506292,https://www.the-numbers.com/movie/Sixth-Sense-The#tab=summary,26681262,10.03,43.6,40000000,651263775,2161,2821,0,0,0,horror,6.3376573
115,Harry Potter and the Order of the Phoenix,293108509,https://www.the-numbers.com/movie/Harry-Potter-and-the-Order-of-the-Phoenix#tab=summary,77108414,3.8,31.2,150000000,481084908,4285,4285,0,1,0,fantasy,0.954056727
116,Up,293004164,https://www.the-numbers.com/movie/Up-(2009)#tab=summary,68108790,4.3,40.1,175000000,441850281,3766,3886,1,0,0,adventure,0.674309509
117,"The Twilight Saga: Breaking Dawn, Part 2",292324737,https://www.the-numbers.com/movie/Twilight-Saga-Breaking-Dawn-Part-2-The#tab=summary,141067634,2.07,35.2,136200000,415256015,4070,4070,0,1,0,romance,1.146290286
118,Star Wars Ep. V: The Empire Strikes Back,291738960,https://www.the-numbers.com/movie/Star-Wars-Ep-V-The-Empire-Strikes-Back#tab=summary,4910483,13.28,53.1,23000000,1094007116,126,2322,0,1,0,sci-fi,11.68430261
119,"The Chronicles of Narnia: The Lion, the Witch a…",291710957,https://www.the-numbers.com/movie/Chronicles-of-Narnia-The-Lion-the-Witch-and-the-Wardrobe-The#tab=summary,65556312,4.45,40.5,180000000,511911716,3616,3853,0,0,0,fantasy,0.620616428
120,Harry Potter and the Goblet of Fire,291147424,https://www.the-numbers.com/movie/Harry-Potter-and-the-Goblet-of-Fire#tab=summary,102685961,2.84,32.9,150000000,512071017,3858,3858,0,1,0,fantasy,0.940982827
121,Man of Steel,291045518,https://www.the-numbers.com/movie/Man-of-Steel#tab=summary,116619362,2.5,43.6,225000000,404886192,4207,4207,0,0,1,superhero,0.293535636
122,"Monsters, Inc.",290149425,https://www.the-numbers.com/movie/Monsters-Inc#tab=summary,62577067,4.64,51.8,115000000,559113616,3237,3649,1,0,0,comedy,1.523038478
123,Home Alone,285761243,https://www.the-numbers.com/movie/Home-Alone#tab=summary,17081997,11.36,59.9,15000000,766559861,1202,2173,0,0,0,comedy,18.05074953
124,Dune: Part Two,282709065,https://www.the-numbers.com/movie/Dune-Part-Two-(2024)#tab=summary,82505391,3.43,39.6,190000000,282709069,4071,4074,0,1,0,sci-fi,0.487942447
125,The Hunger Games: Mockingjay - Part 2,281723902,https://www.the-numbers.com/movie/Hunger-Games-Mockingjay-Part-2-The#tab=summary,102665981,2.74,43.6,160000000,377713963,4175,4175,0,1,0,action,0.760774387
126,The Matrix Reloaded,281553689,https://www.the-numbers.com/movie/Matrix-Reloaded-The#tab=summary,91774413,3.07,38.1,150000000,528088262,3603,3603,0,1,0,sci-fi,0.877024593
127,"The Twilight Saga: Breaking Dawn, Part 1",281287133,https://www.the-numbers.com/movie/Twilight-Saga-Breaking-Dawn-Part-1-The#tab=summary,138122261,2.04,41.2,127500000,401149063,4061,4066,0,1,0,fantasy,1.206173592
128,Meet the Fockers,279167575,https://www.the-numbers.com/movie/Meet-the-Fockers#tab=summary,46120980,6.05,54,60000000,501803743,3518,3554,0,0,0,comedy,3.652792917
129,The Hangover,277322503,https://www.the-numbers.com/movie/Hangover-The#tab=summary,44979319,6.17,59.6,35000000,418202338,3269,3545,0,0,0,comedy,6.923500086
130,Gravity,274092705,https://www.the-numbers.com/movie/Gravity-(2013)#tab=summary,55785112,4.91,40,110000000,381176576,3575,3820,0,0,0,sci-fi,1.491751864
131,Jaws,273661595,https://www.the-numbers.com/movie/Jaws-(1975)#tab=summary,7790627,35.13,56.5,12000000,,409,1246,0,0,0,horror,21.80513292
132,Dr. Seuss’ The Grinch,272961295,https://www.the-numbers.com/movie/Dr-Seuss-The-Grinch-(2018)#tab=summary,67572855,4.04,53.1,75000000,337457918,4141,4141,1,0,1,christmas,2.639483933
133,Sing,270329045,https://www.the-numbers.com/movie/Sing-(2016)#tab=summary,35258145,6.3,42.8,75000000,348615923,4022,4029,1,0,0,comedy,2.604387267
134,Monsters University,268488329,https://www.the-numbers.com/movie/Monsters-University#tab=summary,82429469,3.26,36.1,200000000,373505896,4004,4004,1,1,0,comedy,0.342441645
135,Shrek,268377061,https://www.the-numbers.com/movie/Shrek#tab=summary,42347760,6.32,54.5,50000000,535210440,3587,3715,1,0,0,fantasy,4.36754122
136,Twisters (2024),267762265,https://www.the-numbers.com/movie/Twisters-(2024)#tab=summary,81251415,3.3,72,155000000,267762265,4151,4170,0,1,0,action,0.727498484
137,Despicable Me 3,264624300,https://www.the-numbers.com/movie/Despicable-Me-3#tab=summary,72434025,3.65,25.6,75000000,333656717,4529,4535,1,1,0,comedy,2.528324
138,Harry Potter and the Chamber of Secrets,263581232,https://www.the-numbers.com/movie/Harry-Potter-and-the-Chamber-of-Secrets#tab=summary,88357488,2.98,30.1,100000000,511162406,3682,3682,0,1,0,fantasy,1.63581232
139,The Amazing Spider-Man,262717220,https://www.the-numbers.com/movie/Amazing-Spider-Man-The#tab=summary,62004688,4.24,34.6,220000000,372993938,4318,4318,0,0,1,superhero,0.194169182
140,How the Grinch Stole Christmas,262425630,https://www.the-numbers.com/movie/How-the-Grinch-Stole-Christmas-(2000)#tab=summary,55820330,4.7,75.5,123000000,547233423,3127,3256,0,0,1,christmas,1.133541707
141,The Incredibles,261441092,https://www.the-numbers.com/movie/Incredibles-The#tab=summary,70467623,3.71,41.4,92000000,475595170,3933,3933,1,0,0,superhero,1.841751
142,Captain America: The Winter Soldier,259746958,https://www.the-numbers.com/movie/Captain-America-The-Winter-Soldier#tab=summary,95023721,2.73,36.4,170000000,359576263,3938,3938,0,1,0,superhero,0.527923282
143,The Lego Movie,258364131,https://www.the-numbers.com/movie/LEGO-Movie-The#tab=summary,69050279,3.74,55.2,60000000,357377689,3775,3890,1,0,0,comedy,3.30606885
144,The Hobbit: The Desolation of Smaug,258241522,https://www.the-numbers.com/movie/Hobbit-The-Desolation-of-Smaug-The#tab=summary,73645197,3.51,26.9,250000000,359051501,3903,3928,0,1,0,fantasy,0.032966088
145,Star Trek,257730019,https://www.the-numbers.com/movie/Star-Trek#tab=summary,79204289,3.25,66.6,140000000,388656874,3849,4053,0,0,0,sci-fi,0.840928707
146,I am Legend,256393010,https://www.the-numbers.com/movie/I-am-Legend#tab=summary,77211321,3.32,43.8,150000000,418030867,3606,3648,0,0,0,sci-fi,0.709286733
147,The Blind Side,255959475,https://www.the-numbers.com/movie/Blind-Side-The-(2009)#tab=summary,34119372,6.38,83.7,35000000,382447480,3110,3407,0,0,0,biopic,6.313127857
148,The Hobbit: The Battle of the Five Armies,255119788,https://www.the-numbers.com/movie/Hobbit-The-Battle-of-the-Five-Armies-The#tab=summary,54724334,4.66,27.1,250000000,351696936,3875,3875,0,1,0,fantasy,0.020479152
149,Mufasa: The Lion King,254543461,https://www.the-numbers.com/movie/Mufasa-The-Lion-King-(2024)#tab=summary,35409365,6.92,35.3,200000000,254543461,4100,4100,0,1,0,adventure,0.272717305
150,The Hangover Part II,254464305,https://www.the-numbers.com/movie/Hangover-Part-II-The#tab=summary,85946294,2.96,43.4,80000000,362924498,3615,3675,0,1,0,comedy,2.180803813
151,Despicable Me,252756705,https://www.the-numbers.com/movie/Despicable-Me#tab=summary,56397125,4.48,46.4,69000000,360533009,3476,3602,1,0,0,comedy,2.663140652
152,Batman,252651617,https://www.the-numbers.com/movie/Batman#tab=summary,40489746,6.24,61.2,35000000,715506622,2194,2201,0,0,0,superhero,6.218617629
153,Night at the Museum,250863268,https://www.the-numbers.com/movie/Night-at-the-Museum#tab=summary,30433781,6.82,43.3,110000000,421985589,3685,3768,0,0,0,comedy,1.280575164
154,Harry Potter and the Prisoner of Azkaban,250853809,https://www.the-numbers.com/movie/Harry-Potter-and-the-Prisoner-of-Azkaban#tab=summary,93687367,2.68,32,130000000,455455747,3855,3855,0,1,0,fantasy,0.929644685
155,Men in Black,250690539,https://www.the-numbers.com/movie/Men-in-Black#tab=summary,51068455,4.91,42.6,90000000,617712457,3020,3180,0,0,0,sci-fi,1.785450433
156,Moana,248757044,https://www.the-numbers.com/movie/Moana-(2016)#tab=summary,56631401,4.39,36.3,150000000,323447746,3875,3875,1,0,0,fantasy,0.658380293
157,Toy Story 2,245852179,https://www.the-numbers.com/movie/Toy-Story-2#tab=summary,300163,4.28,48.1,90000000,542625661,1,3257,1,1,0,adventure,1.731690878
158,Transformers: Age of Extinction,245439076,https://www.the-numbers.com/movie/Transformers-Age-of-Extinction#tab=summary,100038390,2.45,22.2,210000000,339769388,4233,4233,0,1,0,sci-fi,0.168757505
159,Twister,245219182,https://www.the-numbers.com/movie/Twister#tab=summary,41059405,5.97,49.1,88000000,623799747,2414,2808,0,0,0,action,1.786581614
160,Cars,244082982,https://www.the-numbers.com/movie/Cars#tab=summary,60119509,4.06,52.9,70000000,421462366,3985,3988,1,0,0,comedy,2.486899743
161,Bruce Almighty,242704995,https://www.the-numbers.com/movie/Bruce-Almighty#tab=summary,67953330,3.57,50.1,81000000,455222795,3483,3549,0,0,0,comedy,1.996357963
162,Ghostbusters,242604185,https://www.the-numbers.com/movie/Ghostbusters-(1984)#tab=summary,13612564,15.87,82.1,30000000,775850845,1339,1506,0,0,0,comedy,7.086806167
163,My Big Fat Greek Wedding,241438208,https://www.the-numbers.com/movie/My-Big-Fat-Greek-Wedding#tab=summary,597362,21.75,64.4,5000000,469032554,108,2016,0,0,0,comedy,47.2876416
164,Maleficent,241407328,https://www.the-numbers.com/movie/Maleficent#tab=summary,69431298,3.48,31.8,180000000,334188106,3948,3948,0,1,0,fantasy,0.341151822
165,Pirates of the Caribbean: On Stranger Tides,241071802,https://www.the-numbers.com/movie/Pirates-of-the-Caribbean-On-Stranger-Tides#tab=summary,90151958,2.67,23.1,379000000,343823717,4155,4164,0,1,0,action,-0.363926644
166,Shrek Forever After,238736787,https://www.the-numbers.com/movie/Shrek-Forever-After-(2010)#tab=summary,70838207,3.37,31.6,165000000,342219654,4359,4386,1,1,0,fantasy,0.446889618
167,Fast and Furious 6,238679850,https://www.the-numbers.com/movie/Fast-and-Furious-6#tab=summary,97375245,2.45,30.2,160000000,332038019,3658,3771,0,1,0,action,0.491749063
168,Brave,237282182,https://www.the-numbers.com/movie/Brave#tab=summary,66323594,3.58,42.8,185000000,337143240,4164,4164,1,0,0,fantasy,0.282606389
169,Sonic the Hedgehog 3,236115100,https://www.the-numbers.com/movie/Sonic-the-Hedgehog-3-(2024)#tab=summary,60102146,3.93,48.1,122000000,236115104,3761,3769,0,1,0,adventure,0.935369672
170,Oz the Great and Powerful,234770996,https://www.the-numbers.com/movie/Oz-The-Great-and-Powerful#tab=summary,79110453,2.97,47.9,200000000,326600239,3912,3912,0,0,0,adventure,0.17385498
171,Beverly Hills Cop,234760478,https://www.the-numbers.com/movie/Beverly-Hills-Cop#tab=summary,15214805,11.7,74.2,15000000,766640422,1532,2006,0,0,0,comedy,14.65069853
172,X-Men: The Last Stand,234362462,https://www.the-numbers.com/movie/X-Men-The-Last-Stand#tab=summary,102750665,2.28,51,210000000,404677772,3690,3714,0,1,0,superhero,0.116011724
173,War of the Worlds,234280354,https://www.the-numbers.com/movie/War-of-the-Worlds#tab=summary,64878725,3.61,38.6,132000000,413371418,3908,3910,0,0,0,sci-fi,0.774851167
174,Fantastic Beasts and Where to Find Them,234037575,https://www.the-numbers.com/movie/Fantastic-Beasts-and-Where-to-Find-Them#tab=summary,74403387,3.15,28.8,180000000,305477535,4144,4144,0,1,0,fantasy,0.30020875
175,X-Men: Days of Future Past,233921534,https://www.the-numbers.com/movie/X-Men-Days-of-Future-Past#tab=summary,90823660,2.58,31.3,200000000,323825273,3996,4001,0,1,0,superhero,0.16960767
176,Cast Away,233632142,https://www.the-numbers.com/movie/Cast-Away-(2000)#tab=summary,28883406,7.54,54.7,85000000,477831078,2774,3061,0,0,0,drama,1.748613435
177,Doctor Strange,232641920,https://www.the-numbers.com/movie/Doctor-Strange-(2016)#tab=summary,85058311,2.74,34.4,165000000,304064453,3882,3882,0,0,0,superhero,0.40995103
178,The Exorcist,231020723,https://www.the-numbers.com/movie/Exorcist-The-(1973)#tab=summary,,28.26,53.9,12000000,,664,1708,0,0,0,horror,18.25172692
179,The Lost World: Jurassic Park,229086679,https://www.the-numbers.com/movie/Lost-World-Jurassic-Park#tab=summary,72132785,3.18,37,75000000,564481546,3281,3565,0,1,0,sci-fi,2.054489053
180,Justice League,229024295,https://www.the-numbers.com/movie/Justice-League-(2017)#tab=summary,93842239,2.44,34.9,300000000,288702363,4051,4051,0,0,0,superhero,-0.236585683
181,Star Trek Into Darkness,228778661,https://www.the-numbers.com/movie/Star-Trek-Into-Darkness#tab=summary,70165559,3.26,48.9,190000000,318264033,3868,3907,0,1,0,sci-fi,0.204098216
182,The Martian,228433663,https://www.the-numbers.com/movie/Martian-The-(2015)#tab=summary,54308575,4.21,34.9,108000000,306369680,3831,3854,0,0,0,sci-fi,1.115126509
183,Signs,227969295,https://www.the-numbers.com/movie/Signs#tab=summary,60116619,3.79,55.8,70702619,443759409,3264,3453,0,0,0,sci-fi,2.224340176
184,Hancock,227946274,https://www.the-numbers.com/movie/Hancock-(2008)#tab=summary,62603879,3.64,36.5,150000000,359062992,3965,3965,0,0,0,superhero,0.519641827
185,The Bourne Ultimatum,227471070,https://www.the-numbers.com/movie/Bourne-Ultimatum-The#tab=summary,69283690,3.28,51.2,130000000,373938628,3660,3701,0,1,0,action,0.749777462
186,Logan,226277068,https://www.the-numbers.com/movie/Logan-(2017)#tab=summary,88411916,2.56,36.8,127000000,285305868,4071,4071,0,1,0,superhero,0.781709197
187,Rush Hour 2,226164286,https://www.the-numbers.com/movie/Rush-Hour-2#tab=summary,67408222,3.36,65.1,90000000,451928984,3118,3118,0,1,0,action,1.512936511
188,The Fate of the Furious,225764765,https://www.the-numbers.com/movie/Fate-of-the-Furious-The#tab=summary,98786705,2.29,18.3,250000000,284659920,4310,4329,0,1,0,action,-0.09694094
189,Raiders of the Lost Ark,225686079,https://www.the-numbers.com/movie/Raiders-of-the-Lost-Ark-(1981)#tab=summary,8305823,27.17,61.4,20000000,897907980,1078,1400,0,0,0,action,10.28430395
190,Shang-Chi and the Legend of the Ten Rings,224543292,https://www.the-numbers.com/movie/Shang-Chi-and-the-Legend-of-the-Ten-Rings-(2021)#tab=summary,75388688,2.98,52,150000000,249713332,4300,4300,0,0,0,superhero,0.49695528
191,WALL-E,223808164,https://www.the-numbers.com/movie/WALL-E#tab=summary,63087526,3.55,42,180000000,352544530,3992,3992,1,0,0,sci-fi,0.243378689
192,Big Hero 6,222527828,https://www.the-numbers.com/movie/Big-Hero-6#tab=summary,56215889,3.96,34.4,165000000,307569241,3761,3773,1,0,0,superhero,0.348653503
193,Mission: Impossible—Fallout,220159104,https://www.the-numbers.com/movie/Mission-Impossible-Fallout#tab=summary,61236534,3.6,28,178000000,273325954,4386,4395,0,1,0,action,0.236848899
194,National Treasure: Book of Secrets,219961501,https://www.the-numbers.com/movie/National-Treasure-Book-of-Secrets-(2007)#tab=summary,44783772,4.91,48.1,130000000,358221811,3832,3832,0,1,0,action,0.692011546
195,Alvin and the Chipmunks: The Squeakquel,219614612,https://www.the-numbers.com/movie/Alvin-and-the-Chipmunks-The-Squeakquel#tab=summary,48875415,4.49,49.5,70000000,326430815,3700,3747,0,1,0,comedy,2.1373516
196,Mrs. Doubtfire,219195051,https://www.the-numbers.com/movie/Mrs-Doubtfire#tab=summary,20468847,10.71,49.7,25000000,602689497,1605,2354,0,0,0,comedy,7.76780204
197,Ted,218665740,https://www.the-numbers.com/movie/Ted-(2011)#tab=summary,54415205,4.02,39.3,50000000,310692147,3239,3303,0,0,0,comedy,3.3733148
198,Wonka,218581815,https://www.the-numbers.com/movie/Wonka-(2023)#tab=summary,39005800,5.6,34.5,125000000,223084378,4203,4213,0,0,1,adventure,0.74865452
199,King Kong,218080025,https://www.the-numbers.com/movie/King-Kong-(2005)#tab=summary,50130145,4.35,39.2,207000000,382917433,3568,3627,0,0,1,action,0.053526691
200,How to Train Your Dragon,217851976,https://www.the-numbers.com/movie/How-to-Train-Your-Dragon#tab=summary,43732319,4.98,44,165000000,311894004,4055,4060,1,0,0,fantasy,0.320315006
201,Ghost,217631306,https://www.the-numbers.com/movie/Ghost#tab=summary,12191373,17.38,42,22000000,583272523,1101,1766,0,0,0,romance,8.892332091
202,The Da Vinci Code,217536138,https://www.the-numbers.com/movie/Da-Vinci-Code-The#tab=summary,77073388,2.82,28.3,125000000,375623467,3735,3757,0,0,0,action,0.740289104
203,Aladdin,217350219,https://www.the-numbers.com/movie/Aladdin-(1992)#tab=summary,196664,11.27,43.1,28000000,592962207,2,2331,1,0,0,fantasy,6.762507821
204,Alvin and the Chipmunks,217326974,https://www.the-numbers.com/movie/Alvin-and-the-Chipmunks-(2007)#tab=summary,44307417,4.9,59.9,55000000,352887857,3475,3499,0,0,0,comedy,2.951399527
205,Ant-Man and the Wasp,216648740,https://www.the-numbers.com/movie/Ant-Man-and-the-Wasp#tab=summary,75812205,2.86,34.8,130000000,268967860,4206,4206,0,1,0,superhero,0.666528769
206,Madagascar 3: Europe's Most Wanted,216391482,https://www.the-numbers.com/movie/Madagascar-3#tab=summary,60316738,3.59,29,145000000,307460755,4258,4263,1,1,0,comedy,0.492355048
207,Saving Private Ryan,216335085,https://www.the-numbers.com/movie/Saving-Private-Ryan#tab=summary,30576104,7.08,44.6,65000000,516928481,2453,2807,0,0,0,war,2.328232077
208,Bohemian Rhapsody,216303339,https://www.the-numbers.com/movie/Bohemian-Rhapsody-(2018)#tab=summary,51061119,4.24,24.6,55000000,268359529,4000,4000,0,0,0,biopic,2.932787982
209,Kung Fu Panda,215727546,https://www.the-numbers.com/movie/Kung-Fu-Panda-(2008)#tab=summary,60239130,3.58,34.1,130000000,339354492,4114,4136,1,0,0,comedy,0.659442662
210,Back to the Future,215612287,https://www.the-numbers.com/movie/Back-to-the-Future-(1985)#tab=summary,11332134,19.03,55.4,19000000,653571852,1419,1815,0,0,0,sci-fi,10.34801511
211,Mission: Impossible 2,215409889,https://www.the-numbers.com/movie/Mission-Impossible-2#tab=summary,57845297,3.72,39.2,120000000,452001074,3653,3669,0,1,0,action,0.795082408
212,A Star is Born,215288866,https://www.the-numbers.com/movie/Star-is-Born-A-(2018)#tab=summary,42908051,5.02,49.9,36000000,267183832,3686,3904,0,0,0,romance,4.980246278
213,X-Men 2,214949694,https://www.the-numbers.com/movie/X-Men-2-(2003)#tab=summary,85558731,2.51,52.9,125000000,403164347,3741,3749,0,1,0,superhero,0.719597552
214,Ant-Man and the Wasp: Quantumania,214506909,https://www.the-numbers.com/movie/Ant-Man-and-the-Wasp-Quantumania-(2023)#tab=summary,106109650,2.02,45.1,200000000,221759649,4345,4345,0,1,0,superhero,0.072534545
215,Dr. Seuss’ The Lorax,214151550,https://www.the-numbers.com/movie/Lorax-The#tab=summary,70217070,3.05,61,67500000,304106141,3729,3769,0,0,0,adventure,2.172615556
216,Solo: A Star Wars Story,213767512,https://www.the-numbers.com/movie/Solo-A-Star-Wars-Story#tab=summary,84420489,2.53,54.4,330400000,265390835,4381,4381,0,1,0,sci-fi,-0.353003898
217,Venom: Let There be Carnage,213550366,https://www.the-numbers.com/movie/Venom-Let-There-be-Carnage#tab=summary,90033210,2.37,42.6,110000000,237452376,4225,4225,0,1,0,superhero,0.941366964
218,Venom,213511408,https://www.the-numbers.com/movie/Venom-(2018)#tab=summary,80255756,2.66,24.9,116000000,265072323,4250,4250,0,0,0,superhero,0.840615586
219,Austin Powers in Goldmember,213117789,https://www.the-numbers.com/movie/Austin-Powers-in-Goldmember#tab=summary,73071188,2.92,71.9,63000000,414864395,3613,3613,0,1,0,comedy,2.382822048
220,It: Chapter Two,211593228,https://www.the-numbers.com/movie/It-Chapter-Two-(2019)#tab=summary,91062152,2.32,45.3,70000000,261257573,4570,4570,0,1,0,horror,2.0227604
221,300,210614939,https://www.the-numbers.com/movie/300-(2007)#tab=summary,70885301,2.97,46.4,60000000,346228913,3103,3280,0,0,0,drama,2.510248983
222,Coco,210460015,https://www.the-numbers.com/movie/Coco-(2017)#tab=summary,50802605,4.14,26.4,175000000,264762237,3987,3987,0,0,0,adventure,0.202628657
223,Fast Five,210031325,https://www.the-numbers.com/movie/Fast-Five#tab=summary,86198765,2.44,33.3,125000000,299552871,3644,3793,0,1,0,action,0.6802506
224,Mission: Impossible—Ghost Protocol,209397903,https://www.the-numbers.com/movie/Mission-Impossible-Ghost-Protocol#tab=summary,12785204,7.08,30.1,145000000,298282815,425,3555,0,1,0,action,0.444123469
225,Wedding Crashers,209218368,https://www.the-numbers.com/movie/Wedding-Crashers#tab=summary,33900720,6.17,73.9,40000000,369151275,2925,3131,0,0,0,comedy,4.2304592
226,Sherlock Holmes,209028679,https://www.the-numbers.com/movie/Sherlock-Holmes-(2009)#tab=summary,62304277,3.35,41.9,90000000,309974109,3626,3626,0,0,0,mystery,1.322540878
227,Dawn of the Planet of the Apes,208545589,https://www.the-numbers.com/movie/Dawn-of-the-Planet-of-the-Apes#tab=summary,72611427,2.87,29.3,170000000,288696515,3967,3969,0,1,0,sci-fi,0.226738759
228,Charlie and the Chocolate Factory,206459076,https://www.the-numbers.com/movie/Charlie-and-the-Chocolate-Factory-(2005)#tab=summary,56178450,3.68,43.4,150000000,364282704,3770,3790,0,0,1,adventure,0.37639384
229,Ratatouille,206445654,https://www.the-numbers.com/movie/Ratatouille#tab=summary,47027395,4.39,32.9,150000000,339375042,3940,3940,1,0,0,comedy,0.37630436
230,Thor: The Dark World,206362140,https://www.the-numbers.com/movie/Thor-The-Dark-World#tab=summary,85737841,2.41,32,150000000,287059585,3841,3841,0,1,0,superhero,0.3757476
231,Beauty and the Beast,206333165,https://www.the-numbers.com/movie/Beauty-and-the-Beast-(1991)#tab=summary,162146,11.62,47,20000000,481497113,2,2625,1,0,0,fantasy,9.31665825
232,Austin Powers: The Spy Who Shagged Me,206040085,https://www.the-numbers.com/movie/Austin-Powers-The-Spy-Who-Shagged-Me#tab=summary,54917604,3.75,66,35000000,458723093,3312,3314,0,1,0,comedy,4.886859571
233,Batman Begins,205343774,https://www.the-numbers.com/movie/Batman-Begins#tab=summary,48745440,4.21,57.6,150000000,362314832,3858,3858,0,0,0,superhero,0.368958493
234,Bad Boys For Life,204417855,https://www.the-numbers.com/movie/Bad-Boys-For-Life-(Bad-Boys-3)-(2020)#tab=summary,62504105,3.27,48.2,90000000,251848139,3775,3775,0,0,0,action,1.2713095
235,The Amazing Spider-Man 2,203530343,https://www.the-numbers.com/movie/Amazing-Spider-Man-2-The#tab=summary,91608337,2.22,28.7,200000000,281493776,4324,4324,0,1,0,superhero,0.017651715
236,Terminator 2: Judgment Day,203464105,https://www.the-numbers.com/movie/Terminator-2-Judgment-Day#tab=summary,31765506,6.41,39.5,100000000,544309742,2274,2495,0,1,0,sci-fi,1.03464105
237,Interstellar,203225563,https://www.the-numbers.com/movie/Interstellar-(2014)#tab=summary,47510360,4.28,31.7,165000000,275264363,3561,3561,0,0,0,sci-fi,0.231670079
238,World War Z,202706711,https://www.the-numbers.com/movie/World-War-Z#tab=summary,66411834,3.05,38.1,190000000,281897362,3607,3607,0,0,0,action,0.066877426
239,The Mummy Returns,202007640,https://www.the-numbers.com/movie/Mummy-Returns-The#tab=summary,68139035,2.96,46.4,98000000,403658367,3401,3553,0,1,0,action,1.061302449
240,Armageddon,201578182,https://www.the-numbers.com/movie/Armageddon#tab=summary,36089972,5.59,36.3,140000000,486108573,3127,3184,0,0,0,sci-fi,0.439844157
241,Cinderella,201151353,https://www.the-numbers.com/movie/Cinderella-(2015)#tab=summary,67877361,2.96,37.1,95000000,269872095,3845,3848,0,0,1,fantasy,1.117382663
242,Ralph Breaks The Internet,201091711,https://www.the-numbers.com/movie/Ralph-Breaks-The-Internet-(2018)#tab=summary,56237634,3.58,38,175000000,249559448,4017,4017,1,1,0,adventure,0.149095491
243,Tangled,200821936,https://www.the-numbers.com/movie/Tangled#tab=summary,48767052,4.12,34.5,260000000,287631611,3603,3603,1,0,0,fantasy,-0.227607938
244,Godzilla,200676069,https://www.the-numbers.com/movie/Godzilla-(2014)#tab=summary,93188384,2.15,37.9,160000000,277802486,3952,3952,0,1,1,action,0.254225431
245,Superman Returns,200120000,https://www.the-numbers.com/movie/Superman-Returns#tab=summary,52535096,3.81,51.2,232000000,345550709,4065,4065,0,1,0,superhero,-0.137413793
246,Spectre,200074175,https://www.the-numbers.com/movie/Spectre#tab=summary,70403148,2.84,22.8,245000000,268325520,3929,3929,0,1,0,action,-0.183370714
247,Captain America: Brave New World,199081549,https://www.the-numbers.com/movie/Captain-America-Brave-New-World-(2025)#tab=summary,88842603,2.24,48.2,180000000,199120479,4105,4105,0,1,0,superhero,0.106008606
248,Gone with the Wind,198680470,https://www.the-numbers.com/movie/Gone-with-the-Wind#tab=summary,945000,166.6,50.9,3900000,,,,0,0,0,drama,49.94371026
249,Pearl Harbor,198539855,https://www.the-numbers.com/movie/Pearl-Harbor#tab=summary,59078912,3.36,44.2,151500000,396728923,3214,3255,0,0,0,war,0.310494092
250,Monsters vs. Aliens,198351526,https://www.the-numbers.com/movie/Monsters-vs-Aliens#tab=summary,59321095,3.34,52,175000000,299114100,4104,4136,1,0,0,superhero,0.133437291
251,Happy Feet,198000317,https://www.the-numbers.com/movie/Happy-Feet#tab=summary,41533432,4.77,51.4,85000000,340065811,3804,3804,1,0,0,comedy,1.329415494
252,Indiana Jones and the Last Crusade,197171806,https://www.the-numbers.com/movie/Indiana-Jones-and-the-Last-Crusade-(1989)#tab=summary,37031573,5.32,41.6,48000000,558900525,2327,2327,0,1,0,action,3.107745958
253,Godzilla x Kong: The New Empire,196805338,https://www.the-numbers.com/movie/Godzilla-x-Kong-The-New-Empire-(2024)#tab=summary,80006561,2.46,34.4,135000000,196805338,3861,3948,0,1,0,action,0.457817319
254,The Polar Express,196698043,https://www.the-numbers.com/movie/Polar-Express-The#tab=summary,23325035,8.43,61.3,170000000,341415852,3650,3650,1,0,0,christmas,0.157047312
255,Ice Age: Dawn of the Dinosaurs,196573705,https://www.the-numbers.com/movie/Ice-Age-Dawn-of-the-Dinosaurs#tab=summary,41690382,4.72,22.2,90000000,296433143,4099,4102,1,1,0,adventure,1.184152278
256,Ice Age: The Meltdown,195330621,https://www.the-numbers.com/movie/Ice-Age-The-Meltdown#tab=summary,68033544,2.87,30,75000000,337280803,3964,3969,1,1,0,adventure,1.60440828
257,Mission: Impossible—Rogue Nation,195042377,https://www.the-numbers.com/movie/Mission-Impossible-Rogue-Nation#tab=summary,55520089,3.51,28.3,150000000,261676066,3956,3988,0,1,0,action,0.300282513
258,Madagascar,193595521,https://www.the-numbers.com/movie/Madagascar#tab=summary,47224594,4.1,34.8,75000000,341585853,4131,4142,1,0,0,comedy,1.581273613
259,Kung Fu Panda 4,193590620,https://www.the-numbers.com/movie/Kung-Fu-Panda-4-(2024)#tab=summary,57989905,3.34,35.3,85000000,193590623,4035,4067,1,1,0,comedy,1.277536706
260,Bad Boys: Ride or Die,193573217,https://www.the-numbers.com/movie/Bad-Boys-Ride-or-Die-(2024)#tab=summary,56527324,3.42,48.3,100000000,193573217,3885,3885,0,1,0,action,0.93573217
261,Twilight,192769854,https://www.the-numbers.com/movie/Twilight-(2008)#tab=summary,69637740,2.77,47.9,37000000,302587717,3419,3649,0,0,0,romance,4.209996054
262,Toy Story,192523233,https://www.the-numbers.com/movie/Toy-Story#tab=summary,29140617,6.61,52.7,30000000,497654907,2457,2574,1,0,0,adventure,5.4174411
263,22 Jump Street,191719337,https://www.the-numbers.com/movie/22-Jump-Street#tab=summary,57071445,3.36,57.9,50000000,265403389,3306,3426,0,1,0,comedy,2.83438674
264,Cars 2,191450875,https://www.the-numbers.com/movie/Cars-2#tab=summary,66135507,2.89,34.2,200000000,273052885,4115,4115,1,1,0,adventure,-0.042745625
265,Teenage Mutant Ninja Turtles,191204754,https://www.the-numbers.com/movie/Teenage-Mutant-Ninja-Turtles-(2014)#tab=summary,65575105,2.92,39.4,125000000,264691029,3845,3980,0,0,0,action,0.529638032
266,Sonic the Hedgehog 2,190872904,https://www.the-numbers.com/movie/Sonic-the-Hedgehog-2-(2022)#tab=summary,72105176,2.65,47.3,90000000,205011642,4234,4258,0,1,0,adventure,1.120810044
267,Men in Black 2,190418803,https://www.the-numbers.com/movie/Men-in-Black-2#tab=summary,52148751,3.65,43.1,140000000,370677559,3557,3641,0,1,0,sci-fi,0.360134307
268,Spider-Man: Into The Spider-Verse 3D,190173195,https://www.the-numbers.com/movie/Spider-Man-Into-The-Spider-Verse-3D-(2018)#tab=summary,35363376,5.38,50.8,90000000,235717840,3813,3813,0,0,0,superhero,1.1130355
269,Dunkirk,190068280,https://www.the-numbers.com/movie/Dunkirk-(2017)#tab=summary,50513488,3.76,37.3,150000000,239618455,3720,4014,0,0,0,war,0.267121867
270,Wreck-It Ralph,189412677,https://www.the-numbers.com/movie/Wreck-It-Ralph#tab=summary,49038712,3.86,38.1,165000000,268803628,3752,3752,1,0,0,adventure,0.147955618
271,Grease,188620000,https://www.the-numbers.com/movie/Grease#tab=summary,8941717,14.85,47.8,6000000,825276461,862,2931,0,0,0,romance,30.43666667
272,A Quiet Place,188024361,https://www.the-numbers.com/movie/Quiet-Place-A-(2018)#tab=summary,50203562,3.75,56.1,17000000,233430901,3508,3808,0,0,0,horror,10.06025653
273,Gladiator,187683805,https://www.the-numbers.com/movie/Gladiator-(2000)#tab=summary,34819017,5.39,41.6,103000000,393715113,2938,3188,0,0,0,action,0.822172864
274,The Croods,187168425,https://www.the-numbers.com/movie/Croods-The#tab=summary,43639736,4.29,32.7,135000000,260378209,4046,4065,1,0,0,adventure,0.386432778
275,John Wick: Chapter 4,187131806,https://www.the-numbers.com/movie/John-Wick-Chapter-4-(2023)#tab=summary,73817950,2.54,42.5,100000000,193460751,3855,3855,0,1,0,action,0.87131806
276,Sherlock Holmes: A Game of Shadows,186848418,https://www.the-numbers.com/movie/Sherlock-Holmes-A-Game-of-Shadows-(2011)#tab=summary,39637079,4.71,34.9,125000000,266220299,3703,3703,0,0,0,mystery,0.494787344
277,The Day After Tomorrow,186740799,https://www.the-numbers.com/movie/Day-After-Tomorrow-The#tab=summary,68743584,2.72,33.6,125000000,340102806,3425,3444,0,0,0,sci-fi,0.493926392
278,Mr. and Mrs. Smith,186336279,https://www.the-numbers.com/movie/Mr-and-Mrs-Smith#tab=summary,50342878,3.7,38.3,110000000,328777425,3424,3451,0,0,0,action,0.693966173
279,Puss in Boots: The Last Wish,186090535,https://www.the-numbers.com/movie/Puss-in-Boots-The-Last-Wish-(2022)#tab=summary,12429515,11.07,38.4,110000000,194624968,4099,4121,1,1,0,adventure,0.691732136
280,Snow White and the Seven Dwarfs,184925486,https://www.the-numbers.com/movie/Snow-White-and-the-Seven-Dwarfs#tab=summary,6017914,14.66,98.8,1488000,,1362,1831,1,0,0,fantasy,123.2778804
281,Pitch Perfect 2,184296230,https://www.the-numbers.com/movie/Pitch-Perfect-2#tab=summary,69216890,2.66,64.2,29000000,247258643,3473,3660,0,1,0,comedy,5.355042414
282,Dances with Wolves,184208842,https://www.the-numbers.com/movie/Dances-with-Wolves#tab=summary,598257,15.48,43.4,19000000,494359512,14,1636,0,0,0,western,8.695202211
283,Batman Forever,184190913,https://www.the-numbers.com/movie/Batman-Forever-(1995)#tab=summary,52784433,3.49,54.7,100000000,478756281,2842,2893,0,1,0,superhero,0.84190913
284,Sound of Freedom,184178046,https://www.the-numbers.com/movie/Sound-of-Freedom-(2023)#tab=summary,19680879,6.75,73.5,14500000,190407096,2952,3411,0,0,0,drama,11.70193421
285,Elf,184129376,https://www.the-numbers.com/movie/Elf-(2003)#tab=summary,31113501,5.92,79.7,32000000,331708095,3337,3381,0,0,0,christmas,4.754043
286,The Fugitive,183968665,https://www.the-numbers.com/movie/Fugitive-The-(1993)#tab=summary,23758855,7.74,52,44000000,502420997,2340,2425,0,0,0,action,3.181106023
287,Black Widow,183651655,https://www.the-numbers.com/movie/Black-Widow-(2021)#tab=summary,80366312,2.29,48.4,200000000,204237971,4160,4275,0,1,0,superhero,-0.081741725
288,The Revenant,183637894,https://www.the-numbers.com/movie/Revenant-The-(2015)#tab=summary,474560,4.61,34.5,135000000,240138976,4,3711,0,0,0,western,0.360280696
289,Ocean’s Eleven,183417150,https://www.the-numbers.com/movie/Oceans-Eleven-(2001)#tab=summary,38107822,4.81,40.7,85000000,364887755,3075,3075,0,0,0,action,1.157848824
290,The Simpsons Movie,183135014,https://www.the-numbers.com/movie/Simpsons-Movie-The#tab=summary,74036787,2.47,34.7,72500000,301054794,3922,3926,1,0,0,comedy,1.526000193
291,What Women Want,182805123,https://www.the-numbers.com/movie/What-Women-Want#tab=summary,33614543,5.44,48.9,65000000,376874681,3012,3092,0,0,0,romance,1.812386508
292,The Perfect Storm,182618434,https://www.the-numbers.com/movie/Perfect-Storm-The#tab=summary,41325042,4.42,55.6,120000000,383193782,3407,3407,0,0,0,action,0.521820283
293,Lincoln,182207973,https://www.the-numbers.com/movie/Lincoln#tab=summary,944308,7.1,66.7,65000000,257758429,11,2293,0,0,0,biopic,1.803199585
294,Liar Liar,181410615,https://www.the-numbers.com/movie/Liar-Liar#tab=summary,31423025,5.77,59.9,45000000,447005232,2845,2909,0,0,0,comedy,3.031347
295,Jurassic Park III,181166115,https://www.the-numbers.com/movie/Jurassic-Park-3#tab=summary,50771645,3.57,49.5,93000000,362012143,3434,3470,0,1,0,sci-fi,0.948022742
296,Thor,181030624,https://www.the-numbers.com/movie/Thor#tab=summary,65723338,2.75,40.3,150000000,258191217,3955,3963,0,0,0,superhero,0.206870827
297,Mission: Impossible,180981886,https://www.the-numbers.com/movie/Mission-Impossible#tab=summary,45436830,3.98,39.5,80000000,463100708,3012,3012,0,0,0,action,1.262273575
298,TAYLOR SWIFT | THE ERAS TOUR,180760722,https://www.the-numbers.com/movie/Taylor-Swift-The-Eras-Tour-(2023)#tab=summary,93224755,1.94,69.1,15000000,186867428,3855,3855,0,0,0,concert,11.0507148
299,Top Gun,180470489,https://www.the-numbers.com/movie/Top-Gun#tab=summary,8193052,19.1,50.5,15000000,539871325,1028,1531,0,0,0,action,11.03136593
300,Ant-Man,180202163,https://www.the-numbers.com/movie/Ant-Man#tab=summary,57225526,3.15,34.7,130000000,241765885,3856,3868,0,0,0,superhero,0.386170485
